--Professor
INSERT INTO PROFESSOR (NIF_PROF,NOME_PROPRIO, NOME_APELIDO, DATA_NASCIMENTO_PROF, CATEGORIA)
VALUES (147487555, 'Manuel', 'Santos', '10-14-1973', 'Catedrático');
INSERT INTO PROFESSOR (NIF_PROF,NOME_PROPRIO, NOME_APELIDO, DATA_NASCIMENTO_PROF, CATEGORIA)
VALUES (978477145, 'Maria', 'Albertina', '02-07-1969', 'Associado');
INSERT INTO PROFESSOR (NIF_PROF,NOME_PROPRIO, NOME_APELIDO, DATA_NASCIMENTO_PROF, CATEGORIA)
VALUES (555666888, 'David', 'Malabema', '09-22-1989', 'Professor Assistente');
INSERT INTO PROFESSOR (NIF_PROF,NOME_PROPRIO, NOME_APELIDO, DATA_NASCIMENTO_PROF, CATEGORIA)
VALUES (478698522, 'Carolina', 'Natal', '01-25-1984', 'Auxiliar');
INSERT INTO PROFESSOR (NIF_PROF,NOME_PROPRIO, NOME_APELIDO, DATA_NASCIMENTO_PROF, CATEGORIA)
VALUES (142555367, 'Valter', 'Nene', '12-08-1991', 'Professor Assistente');
INSERT INTO PROFESSOR (NIF_PROF,NOME_PROPRIO, NOME_APELIDO, DATA_NASCIMENTO_PROF, CATEGORIA)
VALUES (989774857, 'Miguel', 'Dias', '12-09-1978', 'Catedrático');
INSERT INTO PROFESSOR (NIF_PROF,NOME_PROPRIO, NOME_APELIDO, DATA_NASCIMENTO_PROF, CATEGORIA)
VALUES (748746999, 'Nuno', 'Espirito', '11-25-1961', 'Associado');
INSERT INTO PROFESSOR (NIF_PROF,NOME_PROPRIO, NOME_APELIDO, DATA_NASCIMENTO_PROF, CATEGORIA)
VALUES (363474157, 'Maria', 'Camões', '07-25-1989', 'Professor Assistente');
INSERT INTO PROFESSOR (NIF_PROF,NOME_PROPRIO, NOME_APELIDO, DATA_NASCIMENTO_PROF, CATEGORIA)
VALUES (898878585, 'Emanuela', 'Santos', '02-01-1983', 'Auxiliar');
INSERT INTO PROFESSOR (NIF_PROF,NOME_PROPRIO, NOME_APELIDO, DATA_NASCIMENTO_PROF, CATEGORIA)
VALUES (323144587, 'Bárbara', 'Afonseca', '03-18-1974', 'Catedrático');
INSERT INTO PROFESSOR (NIF_PROF,NOME_PROPRIO, NOME_APELIDO, DATA_NASCIMENTO_PROF, CATEGORIA)
VALUES (454765237, 'João', 'Isidoro', '05-05-1968', 'Associado');
INSERT INTO PROFESSOR (NIF_PROF,NOME_PROPRIO, NOME_APELIDO, DATA_NASCIMENTO_PROF, CATEGORIA)
VALUES (555874968, 'Gonçalo', 'Leal', '02-09-1989', 'Professor Assistente');
INSERT INTO PROFESSOR (NIF_PROF,NOME_PROPRIO, NOME_APELIDO, DATA_NASCIMENTO_PROF, CATEGORIA)
VALUES (647587111, 'Diogo', 'Ribeiro', '09-30-1978', 'Auxiliar');
INSERT INTO PROFESSOR (NIF_PROF,NOME_PROPRIO, NOME_APELIDO, DATA_NASCIMENTO_PROF, CATEGORIA)
VALUES (754238942, 'Martim', 'Moniz', '05-22-1973', 'Catedrático');
INSERT INTO PROFESSOR (NIF_PROF,NOME_PROPRIO, NOME_APELIDO, DATA_NASCIMENTO_PROF, CATEGORIA)
VALUES (176238497, 'Afonso', 'Sequeira', '08-10-1969', 'Associado');
INSERT INTO PROFESSOR (NIF_PROF,NOME_PROPRIO, NOME_APELIDO, DATA_NASCIMENTO_PROF, CATEGORIA)
VALUES (352689745, 'Henrique', 'Gomes', '07-09-1990', 'Professor Assistente');
INSERT INTO PROFESSOR (NIF_PROF,NOME_PROPRIO, NOME_APELIDO, DATA_NASCIMENTO_PROF, CATEGORIA)
VALUES (731946851, 'Pedro', 'Gonçalves', '01-30-1972', 'Auxiliar');

--Departamento
INSERT INTO DEPARTAMENTO (NUM_DEP, NIF_PROF, NOME_DEP, ESCRITÓRIO, TEMPO)
VALUES (01, 147487555, 'Engenharia de Redes', 01, 100);
INSERT INTO DEPARTAMENTO (NUM_DEP, NIF_PROF, NOME_DEP, ESCRITÓRIO, TEMPO)
VALUES (02, 978477145, 'Gestão', 02, 300);
INSERT INTO DEPARTAMENTO (NUM_DEP, NIF_PROF, NOME_DEP, ESCRITÓRIO, TEMPO)
VALUES (03, 555666888, 'Gestão de Harware e Software', 03, 500);
INSERT INTO DEPARTAMENTO (NUM_DEP, NIF_PROF, NOME_DEP, ESCRITÓRIO, TEMPO)
VALUES (04, 323144587, 'Comunicações', 04, 250);
INSERT INTO DEPARTAMENTO (NUM_DEP, NIF_PROF, NOME_DEP, ESCRITÓRIO, TEMPO)
VALUES (05, 454765237, 'Micro e Macro Gestão', 05, 480);
INSERT INTO DEPARTAMENTO (NUM_DEP, NIF_PROF, NOME_DEP, ESCRITÓRIO, TEMPO)
VALUES (06, 555874968, 'Ciências da Magia Negra', 06, 690);
INSERT INTO DEPARTAMENTO (NUM_DEP, NIF_PROF, NOME_DEP, ESCRITÓRIO, TEMPO)
VALUES (07, 647587111, 'Ciências da Arte Abstrata', 07, 1000);
INSERT INTO DEPARTAMENTO (NUM_DEP, NIF_PROF, NOME_DEP, ESCRITÓRIO, TEMPO)
VALUES (08, 898878585, 'Nano Arquitetura', 08, 60);


--Estudantes
INSERT INTO ESTUDANTE (NIF_EST, NUM_DEP, NOME, DATA_NASCIMENTO_EST, CURSO)
VALUES (145857999, 01, 'Joana Vale', '06-11-1996', 'EI');
INSERT INTO ESTUDANTE (NIF_EST, NUM_DEP, NOME, DATA_NASCIMENTO_EST, CURSO)
VALUES (698555478, 02, 'Gonçalo Faria', '01-10-1996', 'IG');
INSERT INTO ESTUDANTE (NIF_EST, NUM_DEP, NOME, DATA_NASCIMENTO_EST, CURSO)
VALUES (747798568, 03, 'Maria Costa', '09-17-1995', 'EI');
INSERT INTO ESTUDANTE (NIF_EST, NUM_DEP, NOME, DATA_NASCIMENTO_EST, CURSO)
VALUES (254983478, 01, 'Manu Sabaria', '03-05-1991', 'GESTÃO');
INSERT INTO ESTUDANTE (NIF_EST, NUM_DEP, NOME, DATA_NASCIMENTO_EST, CURSO)
VALUES (486947349, 02, 'Emanuel Manuel', '12-26-1996', 'EI');
INSERT INTO ESTUDANTE (NIF_EST, NUM_DEP, NOME, DATA_NASCIMENTO_EST, CURSO)
VALUES (265888755, 03, 'Valquiria Santos', '03-25-1998', 'IG');
INSERT INTO ESTUDANTE (NIF_EST, NUM_DEP, NOME, DATA_NASCIMENTO_EST, CURSO)
VALUES (987477755, 04, 'Maria Ribeiro', '02-24-1999', 'EI');
INSERT INTO ESTUDANTE (NIF_EST, NUM_DEP, NOME, DATA_NASCIMENTO_EST, CURSO)
VALUES (444784757, 05, 'Manuel Ribas', '11-02-2000', 'IG');
INSERT INTO ESTUDANTE (NIF_EST, NUM_DEP, NOME, DATA_NASCIMENTO_EST, CURSO)
VALUES (264141578, 06, 'Simão Rodrigues', '11-17-1995', 'GESTÃO');
INSERT INTO ESTUDANTE (NIF_EST, NUM_DEP, NOME, DATA_NASCIMENTO_EST, CURSO)
VALUES (989555473, 04, 'Maria Leonor Ferreira', '03-29-1997', 'EI');
INSERT INTO ESTUDANTE (NIF_EST, NUM_DEP, NOME, DATA_NASCIMENTO_EST, CURSO)
VALUES (254111365, 05, 'Lucas Worsch', '07-22-1998', 'IG');
INSERT INTO ESTUDANTE (NIF_EST, NUM_DEP, NOME, DATA_NASCIMENTO_EST, CURSO)
VALUES (298477111, 06, 'Margarida Marques', '01-02-2000', 'GESTÃO');
INSERT INTO ESTUDANTE (NIF_EST, NUM_DEP, NOME, DATA_NASCIMENTO_EST, CURSO)
VALUES (676821349, 07, 'Felipe Piai', '07-11-1993', 'GESTĂO');
INSERT INTO ESTUDANTE (NIF_EST, NUM_DEP, NOME, DATA_NASCIMENTO_EST, CURSO)
VALUES (147489423, 08, 'Tiago Vieira', '12-24-1999', 'EI');
INSERT INTO ESTUDANTE (NIF_EST, NUM_DEP, NOME, DATA_NASCIMENTO_EST, CURSO)
VALUES (824687134, 06, 'Inês Martins', '03-25-1998', 'IG');
INSERT INTO ESTUDANTE (NIF_EST, NUM_DEP, NOME, DATA_NASCIMENTO_EST, CURSO)
VALUES (999444252, 07, 'Mariana Perneta', '06-02-1999', 'EI');
INSERT INTO ESTUDANTE (NIF_EST, NUM_DEP, NOME, DATA_NASCIMENTO_EST, CURSO)
VALUES (444225785, 08, 'Leonor Araújo', '11-02-1992', 'IG');
INSERT INTO ESTUDANTE (NIF_EST, NUM_DEP, NOME, DATA_NASCIMENTO_EST, CURSO)
VALUES (774582122, 05, 'Marta José', '12-29-1995', 'GESTĂO');

--Projeto
INSERT INTO PROJETO (NUM_ID, NIF_PROF, DATA_INICIO, DATA_FIM)
VALUES (1, 147487555, '12-01-2016', '12-01-2018');
INSERT INTO PROJETO (NUM_ID, NIF_PROF, DATA_INICIO, DATA_FIM)
VALUES (2, 978477145, '12-02-2016', '12-02-2018');
INSERT INTO PROJETO (NUM_ID, NIF_PROF, DATA_INICIO, DATA_FIM)
VALUES (3, 555666888, '12-03-2016', '12-03-2018');
INSERT INTO PROJETO (NUM_ID, NIF_PROF, DATA_INICIO, DATA_FIM)
VALUES (4, 478698522, '12-04-2016', '12-04-2018');
INSERT INTO PROJETO (NUM_ID, NIF_PROF, DATA_INICIO)
VALUES (5, 989774857, '03-25-2015');
INSERT INTO PROJETO (NUM_ID, NIF_PROF, DATA_INICIO)
VALUES (6, 748746999, '03-10-2015');
INSERT INTO PROJETO (NUM_ID, NIF_PROF, DATA_INICIO)
VALUES (7, 363474157, '03-10-2018');
INSERT INTO PROJETO (NUM_ID, NIF_PROF, DATA_INICIO, DATA_FIM)
VALUES (8, 898878585, '10-30-2015', '11-22-2018');
INSERT INTO PROJETO (NUM_ID, NIF_PROF, DATA_INICIO, DATA_FIM)
VALUES (9, 323144587, '02-27-2016', '08-11-2017');
INSERT INTO PROJETO (NUM_ID, NIF_PROF, DATA_INICIO, DATA_FIM)
VALUES (10, 454765237, '05-20-2010', '01-02-2018');

--Especialidade
INSERT INTO ESPECIALIDADE (NIF_PROF, ESPECIALIDADE)
VALUES (147487555, 'Base de Dados');
INSERT INTO ESPECIALIDADE (NIF_PROF, ESPECIALIDADE)
VALUES (978477145, 'Engenharia de Redes');
INSERT INTO ESPECIALIDADE (NIF_PROF, ESPECIALIDADE)
VALUES (555666888, 'AI');
INSERT INTO ESPECIALIDADE (NIF_PROF, ESPECIALIDADE)
VALUES (478698522, 'Artes');
INSERT INTO ESPECIALIDADE (NIF_PROF, ESPECIALIDADE)
VALUES (142555367, 'Magia Negra');
INSERT INTO ESPECIALIDADE (NIF_PROF, ESPECIALIDADE)
VALUES (748746999, 'Manutenção de Ecosistemas');
INSERT INTO ESPECIALIDADE (NIF_PROF, ESPECIALIDADE)
VALUES (363474157, 'Base de Dados');
INSERT INTO ESPECIALIDADE (NIF_PROF, ESPECIALIDADE)
VALUES (898878585, 'Engenharia de Redes');
INSERT INTO ESPECIALIDADE (NIF_PROF, ESPECIALIDADE)
VALUES (323144587, 'AI');
INSERT INTO ESPECIALIDADE (NIF_PROF, ESPECIALIDADE)
VALUES (454765237, 'Artes');
INSERT INTO ESPECIALIDADE (NIF_PROF, ESPECIALIDADE)
VALUES (555874968, 'Magia Negra');
INSERT INTO ESPECIALIDADE (NIF_PROF, ESPECIALIDADE)
VALUES (647587111, 'Manutenção de Ecossistemas');
INSERT INTO ESPECIALIDADE (NIF_PROF, ESPECIALIDADE)
VALUES (754238942, 'Ciências da Comunicação');
INSERT INTO ESPECIALIDADE (NIF_PROF, ESPECIALIDADE)
VALUES (176238497, 'Psicologia');
INSERT INTO ESPECIALIDADE (NIF_PROF, ESPECIALIDADE)
VALUES (352689745, 'Ciências da Comunicação');
INSERT INTO ESPECIALIDADE (NIF_PROF, ESPECIALIDADE)
VALUES (731946851, 'Psicologia');

--Professor_Trabalha_Projeto
INSERT INTO PROFESSOR_TRABALHA_PROJETO (NIF_PROF, NUM_ID)
VALUES (147487555, 1);
INSERT INTO PROFESSOR_TRABALHA_PROJETO (NIF_PROF, NUM_ID)
VALUES (978477145, 1);
INSERT INTO PROFESSOR_TRABALHA_PROJETO (NIF_PROF, NUM_ID)
VALUES (555666888, 2);
INSERT INTO PROFESSOR_TRABALHA_PROJETO (NIF_PROF, NUM_ID)
VALUES (478698522, 2);
INSERT INTO PROFESSOR_TRABALHA_PROJETO (NIF_PROF, NUM_ID)
VALUES (478698522, 3);
INSERT INTO PROFESSOR_TRABALHA_PROJETO (NIF_PROF, NUM_ID)
VALUES (147487555, 4);
INSERT INTO PROFESSOR_TRABALHA_PROJETO (NIF_PROF, NUM_ID)
VALUES (142555367, 4);
INSERT INTO PROFESSOR_TRABALHA_PROJETO (NIF_PROF, NUM_ID)
VALUES (989774857, 5);
INSERT INTO PROFESSOR_TRABALHA_PROJETO (NIF_PROF, NUM_ID)
VALUES (748746999, 5);
INSERT INTO PROFESSOR_TRABALHA_PROJETO (NIF_PROF, NUM_ID)
VALUES (363474157, 5);
INSERT INTO PROFESSOR_TRABALHA_PROJETO (NIF_PROF, NUM_ID)
VALUES (898878585, 6);
INSERT INTO PROFESSOR_TRABALHA_PROJETO (NIF_PROF, NUM_ID)
VALUES (323144587, 6);
INSERT INTO PROFESSOR_TRABALHA_PROJETO (NIF_PROF, NUM_ID)
VALUES (323144587, 7);
INSERT INTO PROFESSOR_TRABALHA_PROJETO (NIF_PROF, NUM_ID)
VALUES (454765237, 7);
INSERT INTO PROFESSOR_TRABALHA_PROJETO (NIF_PROF, NUM_ID)
VALUES (555874968, 7);
INSERT INTO PROFESSOR_TRABALHA_PROJETO (NIF_PROF, NUM_ID)
VALUES (647587111, 7);
INSERT INTO PROFESSOR_TRABALHA_PROJETO (NIF_PROF, NUM_ID)
VALUES (647587111, 8);
INSERT INTO PROFESSOR_TRABALHA_PROJETO (NIF_PROF, NUM_ID)
VALUES (754238942, 8);
INSERT INTO PROFESSOR_TRABALHA_PROJETO (NIF_PROF, NUM_ID)
VALUES (176238497, 8);
INSERT INTO PROFESSOR_TRABALHA_PROJETO (NIF_PROF, NUM_ID)
VALUES (352689745, 9);
INSERT INTO PROFESSOR_TRABALHA_PROJETO (NIF_PROF, NUM_ID)
VALUES (731946851, 10);

--Professor_Trabalha_Departamento
INSERT INTO PROF_TRABALHA_DEP (NIF_PROF, NUM_DEP, TEMPO)
VALUES (147487555, 01, 200);
INSERT INTO PROF_TRABALHA_DEP (NIF_PROF, NUM_DEP, TEMPO)
VALUES (978477145, 01, 300);
INSERT INTO PROF_TRABALHA_DEP (NIF_PROF, NUM_DEP, TEMPO)
VALUES (147487555, 02, 250);
INSERT INTO PROF_TRABALHA_DEP (NIF_PROF, NUM_DEP, TEMPO)
VALUES (555666888, 02, 350);
INSERT INTO PROF_TRABALHA_DEP (NIF_PROF, NUM_DEP, TEMPO)
VALUES (978477145, 02, 180);
INSERT INTO PROF_TRABALHA_DEP (NIF_PROF, NUM_DEP, TEMPO)
VALUES (478698522, 03, 500);
INSERT INTO PROF_TRABALHA_DEP (NIF_PROF, NUM_DEP, TEMPO)
VALUES (142555367, 03, 250);
INSERT INTO PROF_TRABALHA_DEP (NIF_PROF, NUM_DEP, TEMPO)
VALUES (555666888, 03, 600);
INSERT INTO PROF_TRABALHA_DEP (NIF_PROF, NUM_DEP, TEMPO)
VALUES (478698522, 04, 320);
INSERT INTO PROF_TRABALHA_DEP (NIF_PROF, NUM_DEP, TEMPO)
VALUES (142555367, 04, 150);
INSERT INTO PROF_TRABALHA_DEP (NIF_PROF, NUM_DEP, TEMPO)
VALUES (989774857, 05, 250);
INSERT INTO PROF_TRABALHA_DEP (NIF_PROF, NUM_DEP, TEMPO)
VALUES (748746999, 05, 490);
INSERT INTO PROF_TRABALHA_DEP (NIF_PROF, NUM_DEP, TEMPO)
VALUES (363474157, 05, 250);
INSERT INTO PROF_TRABALHA_DEP (NIF_PROF, NUM_DEP, TEMPO)
VALUES (363474157, 06, 250);
INSERT INTO PROF_TRABALHA_DEP (NIF_PROF, NUM_DEP, TEMPO)
VALUES (898878585, 06, 360);
INSERT INTO PROF_TRABALHA_DEP (NIF_PROF, NUM_DEP, TEMPO)
VALUES (323144587, 06, 900);
INSERT INTO PROF_TRABALHA_DEP (NIF_PROF, NUM_DEP, TEMPO)
VALUES (454765237, 07, 670);
INSERT INTO PROF_TRABALHA_DEP (NIF_PROF, NUM_DEP, TEMPO)
VALUES (555874968, 01, 500);
INSERT INTO PROF_TRABALHA_DEP (NIF_PROF, NUM_DEP, TEMPO)
VALUES (647587111, 02, 780);
INSERT INTO PROF_TRABALHA_DEP (NIF_PROF, NUM_DEP, TEMPO)
VALUES (754238942, 03, 210);
INSERT INTO PROF_TRABALHA_DEP (NIF_PROF, NUM_DEP, TEMPO)
VALUES (176238497, 04, 870);
INSERT INTO PROF_TRABALHA_DEP (NIF_PROF, NUM_DEP, TEMPO)
VALUES (352689745, 05, 360);
INSERT INTO PROF_TRABALHA_DEP (NIF_PROF, NUM_DEP, TEMPO)
VALUES (731946851, 06, 450);

--Professor_Supervisiona_Relação
INSERT INTO PROFESSOR_SUPERVISIONA_REL (NIF_PROF, NUM_ID, NIF_EST)
VALUES (147487555, 1, 145857999);
INSERT INTO PROFESSOR_SUPERVISIONA_REL (NIF_PROF, NUM_ID, NIF_EST)
VALUES (147487555, 2, 145857999);
INSERT INTO PROFESSOR_SUPERVISIONA_REL (NIF_PROF, NUM_ID, NIF_EST)
VALUES (978477145, 2, 698555478);
INSERT INTO PROFESSOR_SUPERVISIONA_REL (NIF_PROF, NUM_ID, NIF_EST)
VALUES (978477145, 2, 747798568);
INSERT INTO PROFESSOR_SUPERVISIONA_REL (NIF_PROF, NUM_ID, NIF_EST)
VALUES (555666888, 3, 254983478);
INSERT INTO PROFESSOR_SUPERVISIONA_REL (NIF_PROF, NUM_ID, NIF_EST)
VALUES (555666888, 3, 486947349);
INSERT INTO PROFESSOR_SUPERVISIONA_REL (NIF_PROF, NUM_ID, NIF_EST)
VALUES (478698522, 4, 486947349);
INSERT INTO PROFESSOR_SUPERVISIONA_REL (NIF_PROF, NUM_ID, NIF_EST)
VALUES (478698522, 4, 265888755);
INSERT INTO PROFESSOR_SUPERVISIONA_REL (NIF_PROF, NUM_ID, NIF_EST)
VALUES (142555367, 4, 265888755);
INSERT INTO PROFESSOR_SUPERVISIONA_REL (NIF_PROF, NUM_ID, NIF_EST)
VALUES (989774857, 5, 987477755);
INSERT INTO PROFESSOR_SUPERVISIONA_REL (NIF_PROF, NUM_ID, NIF_EST)
VALUES (989774857, 5, 444784757);
INSERT INTO PROFESSOR_SUPERVISIONA_REL (NIF_PROF, NUM_ID, NIF_EST)
VALUES (748746999, 5, 444784757);
INSERT INTO PROFESSOR_SUPERVISIONA_REL (NIF_PROF, NUM_ID, NIF_EST)
VALUES (748746999, 6, 444784757);
INSERT INTO PROFESSOR_SUPERVISIONA_REL (NIF_PROF, NUM_ID, NIF_EST)
VALUES (363474157, 7, 264141578);
INSERT INTO PROFESSOR_SUPERVISIONA_REL (NIF_PROF, NUM_ID, NIF_EST)
VALUES (363474157, 7, 989555473);
INSERT INTO PROFESSOR_SUPERVISIONA_REL (NIF_PROF, NUM_ID, NIF_EST)
VALUES (363474157, 7, 254111365);
INSERT INTO PROFESSOR_SUPERVISIONA_REL (NIF_PROF, NUM_ID, NIF_EST)
VALUES (898878585, 8, 298477111);
INSERT INTO PROFESSOR_SUPERVISIONA_REL (NIF_PROF, NUM_ID, NIF_EST)
VALUES (323144587, 8, 676821349);
INSERT INTO PROFESSOR_SUPERVISIONA_REL (NIF_PROF, NUM_ID, NIF_EST)
VALUES (454765237, 8, 676821349);
INSERT INTO PROFESSOR_SUPERVISIONA_REL (NIF_PROF, NUM_ID, NIF_EST)
VALUES (555874968, 8, 676821349);
INSERT INTO PROFESSOR_SUPERVISIONA_REL (NIF_PROF, NUM_ID, NIF_EST)
VALUES (647587111, 8, 147489423);
INSERT INTO PROFESSOR_SUPERVISIONA_REL (NIF_PROF, NUM_ID, NIF_EST)
VALUES (754238942, 9, 824687134);
INSERT INTO PROFESSOR_SUPERVISIONA_REL (NIF_PROF, NUM_ID, NIF_EST)
VALUES (176238497, 9, 999444252);
INSERT INTO PROFESSOR_SUPERVISIONA_REL (NIF_PROF, NUM_ID, NIF_EST)
VALUES (352689745, 9, 999444252);
INSERT INTO PROFESSOR_SUPERVISIONA_REL (NIF_PROF, NUM_ID, NIF_EST)
VALUES (352689745, 10, 444225785);
INSERT INTO PROFESSOR_SUPERVISIONA_REL (NIF_PROF, NUM_ID, NIF_EST)
VALUES (731946851, 10, 774582122);

--Aconselha
INSERT INTO ACONSELHA (NIF_CONSELHADOR, NIF_EST)
VALUES(145857999, 698555478);
INSERT INTO ACONSELHA (NIF_CONSELHADOR, NIF_EST)
VALUES(698555478, 747798568);
INSERT INTO ACONSELHA (NIF_CONSELHADOR, NIF_EST)
VALUES(254983478, 486947349);
INSERT INTO ACONSELHA (NIF_CONSELHADOR, NIF_EST)
VALUES(486947349, 145857999);
INSERT INTO ACONSELHA (NIF_CONSELHADOR, NIF_EST)
VALUES(987477755, 444784757);
INSERT INTO ACONSELHA (NIF_CONSELHADOR, NIF_EST)
VALUES(444784757, 264141578);
INSERT INTO ACONSELHA (NIF_CONSELHADOR, NIF_EST)
VALUES(989555473, 254111365);
INSERT INTO ACONSELHA (NIF_CONSELHADOR, NIF_EST)
VALUES(254111365, 298477111);
INSERT INTO ACONSELHA (NIF_CONSELHADOR, NIF_EST)
VALUES(298477111, 676821349);
INSERT INTO ACONSELHA (NIF_CONSELHADOR, NIF_EST)
VALUES(147489423, 824687134);
INSERT INTO ACONSELHA (NIF_CONSELHADOR, NIF_EST)
VALUES(999444252, 444225785);
INSERT INTO ACONSELHA (NIF_CONSELHADOR, NIF_EST)
VALUES(444225785, 774582122);

--Organismo_Financiador
INSERT INTO ORGANISMO_FINANCIADOR (NUM_ID, ORÇAMENTO)
VALUES (1, 2500);
INSERT INTO ORGANISMO_FINANCIADOR (NUM_ID, ORÇAMENTO)
VALUES (2, 500);
INSERT INTO ORGANISMO_FINANCIADOR (NUM_ID, ORÇAMENTO)
VALUES (3, 5000);
INSERT INTO ORGANISMO_FINANCIADOR (NUM_ID, ORÇAMENTO)
VALUES (4, 4500);
INSERT INTO ORGANISMO_FINANCIADOR (NUM_ID, ORÇAMENTO)
VALUES (5, 10000);
INSERT INTO ORGANISMO_FINANCIADOR (NUM_ID, ORÇAMENTO)
VALUES (6, 1000);
INSERT INTO ORGANISMO_FINANCIADOR (NUM_ID, ORÇAMENTO)
VALUES (7, 20000);
INSERT INTO ORGANISMO_FINANCIADOR (NUM_ID, ORÇAMENTO)
VALUES (8, 8000);
INSERT INTO ORGANISMO_FINANCIADOR (NUM_ID, ORÇAMENTO)
VALUES (9, 7500);
INSERT INTO ORGANISMO_FINANCIADOR (NUM_ID, ORÇAMENTO)
VALUES (10, 12500);

--Telefone
INSERT INTO TELEFONE (NIF_EST, NUM_TELEFONE)
VALUES (145857999, 914447847);
INSERT INTO TELEFONE (NIF_EST, NUM_TELEFONE)
VALUES (698555478, 916584421);
INSERT INTO TELEFONE (NIF_EST, NUM_TELEFONE)
VALUES (747798568, 936588927);
INSERT INTO TELEFONE (NIF_EST, NUM_TELEFONE)
VALUES (254983478, 913564687);
INSERT INTO TELEFONE (NIF_EST, NUM_TELEFONE)
VALUES (486947349, 945612785);
INSERT INTO TELEFONE (NIF_EST, NUM_TELEFONE)
VALUES (265888755, 919999687);
INSERT INTO TELEFONE (NIF_EST, NUM_TELEFONE)
VALUES (987477755, 914748473);
INSERT INTO TELEFONE (NIF_EST, NUM_TELEFONE)
VALUES (444784757, 964758974);
INSERT INTO TELEFONE (NIF_EST, NUM_TELEFONE)
VALUES (264141578, 936541212);
INSERT INTO TELEFONE (NIF_EST, NUM_TELEFONE)
VALUES (989555473, 925474121);
INSERT INTO TELEFONE (NIF_EST, NUM_TELEFONE)
VALUES (254111365, 914715888);
INSERT INTO TELEFONE (NIF_EST, NUM_TELEFONE)
VALUES (298477111, 932654747);
INSERT INTO TELEFONE (NIF_EST, NUM_TELEFONE)
VALUES (676821349, 913554687);
INSERT INTO TELEFONE (NIF_EST, NUM_TELEFONE)
VALUES (147489423, 945642785);
INSERT INTO TELEFONE (NIF_EST, NUM_TELEFONE)
VALUES (824687134, 919399687);
INSERT INTO TELEFONE (NIF_EST, NUM_TELEFONE)
VALUES (999444252, 914749473);
INSERT INTO TELEFONE (NIF_EST, NUM_TELEFONE)
VALUES (444225785, 964728974);
INSERT INTO TELEFONE (NIF_EST, NUM_TELEFONE)
VALUES (774582122, 933541212);